{
  "name": "part3_distill_stack_pct1",
  "n": 20022,
  "accuracy": 0.7979222854859654,
  "macro_f1": 0.7928486441317861,
  "weighted_f1": 0.7983131427250681,
  "kappa": 0.763883169319713,
  "per_class": {
    "anxiety": {
      "precision": 0.8695407156945618,
      "recall": 0.9245056920311564,
      "f1": 0.8961812109772034,
      "support": 3338
    },
    "bipolar": {
      "precision": 0.9506232023010547,
      "recall": 0.7374488657493492,
      "f1": 0.8305759162303665,
      "support": 2689
    },
    "depression": {
      "precision": 0.5500764525993884,
      "recall": 0.47902796271637815,
      "f1": 0.5120996441281139,
      "support": 3004
    },
    "normal": {
      "precision": 0.8773523685918235,
      "recall": 0.8465873512836568,
      "f1": 0.8616953473550032,
      "support": 3194
    },
    "personality disorder": {
      "precision": 0.9603883495145631,
      "recall": 0.9135574436645734,
      "f1": 0.9363877319197274,
      "support": 2707
    },
    "stress": {
      "precision": 0.8259364180044066,
      "recall": 0.8823133826496301,
      "f1": 0.853194602503658,
      "support": 2974
    },
    "suicidal": {
      "precision": 0.5675859720803541,
      "recall": 0.7878071833648393,
      "f1": 0.6598060558084307,
      "support": 2116
    }
  },
  "accuracy_ci95": [
    0.792427080211767,
    0.8032177105184297
  ],
  "macro_f1_ci95": [
    0.787360676490405,
    0.798047539510994
  ],
  "technique": "distill",
  "fraction_pct": 1,
  "n_real_labels": 641,
  "recipe": {
    "epochs": 3,
    "train_batch": 32,
    "lr": 2e-05,
    "warmup_frac": 0.1,
    "max_length": 256
  },
  "canonical_seed": 42,
  "single_seed_disclosed": true,
  "seed_runs": {
    "42": {
      "run_name": "part3_distill_stack_pct1_seed42",
      "seed": 42,
      "n_train_rows": 3631,
      "total_steps": 342,
      "warmup_steps": 34,
      "final_loss": 0.46164031982421877,
      "loss_history": [
        1.82158203125,
        1.2756712341308594,
        0.9114608001708985,
        0.6579855346679687,
        0.5548693084716797,
        0.46164031982421877
      ],
      "val_class_spread": 7,
      "torch": "2.11.0+cu128",
      "transformers": "5.10.2",
      "accelerate": "1.13.0",
      "csv_path": "/content/drive/MyDrive/BSE/NLP-PROJECT/results/colab_runs/part3_distill_stack_pct1_seed42.csv"
    }
  },
  "provenance": {
    "computed_at": "2026-06-18T19:03:23+00:00",
    "dataset_revision": "186902250e947738f5cb6668808431c56f75b018",
    "split_seed": 42,
    "test_ids_sha256": "0da3f09e8a2b5cc70219fabb0d1f3a8691affa8248943a2dc1c8f6f312e96781"
  }
}