{
  "name": "part1_rule_based",
  "n": 20022,
  "accuracy": 0.6690140845070423,
  "macro_f1": 0.6700652372737707,
  "weighted_f1": 0.6736360801515163,
  "kappa": 0.6107968739143239,
  "per_class": {
    "anxiety": {
      "precision": 0.7550949913644214,
      "recall": 0.6548831635710006,
      "f1": 0.7014278838440559,
      "support": 3338
    },
    "bipolar": {
      "precision": 0.9538461538461539,
      "recall": 0.7147638527333581,
      "f1": 0.8171768707482994,
      "support": 2689
    },
    "depression": {
      "precision": 0.6009693053311793,
      "recall": 0.3715046604527297,
      "f1": 0.4591647809092779,
      "support": 3004
    },
    "normal": {
      "precision": 0.42920110192837463,
      "recall": 0.9755792110206637,
      "f1": 0.5961354505452459,
      "support": 3194
    },
    "personality disorder": {
      "precision": 0.9715877437325905,
      "recall": 0.6442556335426671,
      "f1": 0.7747667703243003,
      "support": 2707
    },
    "stress": {
      "precision": 0.8822890257153205,
      "recall": 0.8190988567585743,
      "f1": 0.8495204882301657,
      "support": 2974
    },
    "suicidal": {
      "precision": 0.6080611535788742,
      "recall": 0.41351606805293006,
      "f1": 0.49226441631504925,
      "support": 2116
    }
  },
  "accuracy_ci95": [
    0.6627185096393966,
    0.6758578064129458
  ],
  "macro_f1_ci95": [
    0.6638081770910574,
    0.6762486018789332
  ],
  "provenance": {
    "computed_at": "2026-06-18T18:01:42+00:00",
    "dataset_revision": "186902250e947738f5cb6668808431c56f75b018",
    "split_seed": 42,
    "test_ids_sha256": "0da3f09e8a2b5cc70219fabb0d1f3a8691affa8248943a2dc1c8f6f312e96781"
  }
}