{
  "name": "part2_bert_32",
  "n": 20022,
  "accuracy": 0.576765557886325,
  "macro_f1": 0.5499866027881214,
  "weighted_f1": 0.5678829298249104,
  "kappa": 0.502298571280233,
  "per_class": {
    "anxiety": {
      "precision": 0.5664187035069076,
      "recall": 0.6387058118633913,
      "f1": 0.6003942551393974,
      "support": 3338
    },
    "bipolar": {
      "precision": 0.6668900804289544,
      "recall": 0.3700260319821495,
      "f1": 0.4759626883520689,
      "support": 2689
    },
    "depression": {
      "precision": 0.40580392156862743,
      "recall": 0.861185086551265,
      "f1": 0.5516579592707112,
      "support": 3004
    },
    "normal": {
      "precision": 0.806572068707991,
      "recall": 0.6762680025046963,
      "f1": 0.7356948228882834,
      "support": 3194
    },
    "personality disorder": {
      "precision": 0.901840490797546,
      "recall": 0.43442925748060585,
      "f1": 0.5863874345549738,
      "support": 2707
    },
    "stress": {
      "precision": 0.6502567200241619,
      "recall": 0.7239408204438467,
      "f1": 0.6851233094669849,
      "support": 2974
    },
    "suicidal": {
      "precision": 0.31420765027322406,
      "recall": 0.16304347826086957,
      "f1": 0.21468574984443062,
      "support": 2116
    }
  },
  "accuracy_ci95": [
    0.5698731395464989,
    0.5836092797922285
  ],
  "macro_f1_ci95": [
    0.5437495609619927,
    0.5564992078391298
  ],
  "n_train_labels": 32,
  "train_seeds": [
    42,
    43,
    44
  ],
  "canonical_seed": 42,
  "seed_metrics": {
    "42": {
      "accuracy": 0.576765557886325,
      "macro_f1": 0.5499866027881214,
      "kappa": 0.502298571280233,
      "suicidal_recall": 0.16304347826086957
    },
    "43": {
      "accuracy": 0.553940665268205,
      "macro_f1": 0.514733982833291,
      "kappa": 0.47462618118224853,
      "suicidal_recall": 0.10869565217391304
    },
    "44": {
      "accuracy": 0.5678253920687244,
      "macro_f1": 0.5553180396094951,
      "kappa": 0.49629234150363943,
      "suicidal_recall": 0.4050094517958412
    }
  },
  "seed_runs": {
    "42": {
      "run_name": "part2_bert_32_seed42",
      "seed": 42,
      "final_loss": 0.333673095703125,
      "loss_history": [
        2.0330810546875,
        1.8341064453125,
        1.67320556640625,
        1.41785888671875,
        1.2683349609375,
        1.071722412109375,
        0.911993408203125,
        0.7684967041015625,
        0.6784393310546875,
        0.5746856689453125,
        0.4932220458984375,
        0.43145751953125,
        0.39183807373046875,
        0.37293853759765627,
        0.3386260986328125,
        0.333673095703125
      ],
      "val_class_spread": 7,
      "torch": "2.11.0+cu128",
      "transformers": "5.10.2",
      "accelerate": "1.13.0",
      "csv_path": "/content/drive/MyDrive/BSE/NLP-PROJECT/results/colab_runs/part2_bert_32_seed42.csv"
    },
    "43": {
      "run_name": "part2_bert_32_seed43",
      "seed": 43,
      "final_loss": 0.34142608642578126,
      "loss_history": [
        1.98154296875,
        1.79390869140625,
        1.49434814453125,
        1.363385009765625,
        1.155157470703125,
        0.98809814453125,
        0.850048828125,
        0.7417236328125,
        0.6342376708984375,
        0.5549530029296875,
        0.47956390380859376,
        0.45210723876953124,
        0.39998779296875,
        0.37540283203125,
        0.3571868896484375,
        0.34142608642578126
      ],
      "val_class_spread": 7,
      "torch": "2.11.0+cu128",
      "transformers": "5.10.2",
      "accelerate": "1.13.0",
      "csv_path": "/content/drive/MyDrive/BSE/NLP-PROJECT/results/colab_runs/part2_bert_32_seed43.csv"
    },
    "44": {
      "run_name": "part2_bert_32_seed44",
      "seed": 44,
      "final_loss": 0.26564483642578124,
      "loss_history": [
        1.93643798828125,
        1.79017333984375,
        1.571240234375,
        1.3546630859375,
        1.15789794921875,
        0.9895538330078125,
        0.8309783935546875,
        0.711279296875,
        0.5885467529296875,
        0.49374237060546877,
        0.426092529296875,
        0.3814971923828125,
        0.328662109375,
        0.30289459228515625,
        0.277008056640625,
        0.26564483642578124
      ],
      "val_class_spread": 7,
      "torch": "2.11.0+cu128",
      "transformers": "5.10.2",
      "accelerate": "1.13.0",
      "csv_path": "/content/drive/MyDrive/BSE/NLP-PROJECT/results/colab_runs/part2_bert_32_seed44.csv"
    }
  },
  "accuracy_mean": 0.5661772050744182,
  "accuracy_std": 0.011501361703438769,
  "macro_f1_mean": 0.5400128750769692,
  "macro_f1_std": 0.02205386246093175,
  "suicidal_recall_mean": 0.22558286074354128,
  "suicidal_recall_std": 0.15774614966008355,
  "provenance": {
    "computed_at": "2026-06-18T18:05:36+00:00",
    "dataset_revision": "186902250e947738f5cb6668808431c56f75b018",
    "split_seed": 42,
    "test_ids_sha256": "0da3f09e8a2b5cc70219fabb0d1f3a8691affa8248943a2dc1c8f6f312e96781"
  }
}