{
  "name": "part3_distill_stack_pct100",
  "n": 20022,
  "accuracy": 0.9159424632903805,
  "macro_f1": 0.9096350824875027,
  "weighted_f1": 0.915847212824789,
  "kappa": 0.9016885332221722,
  "per_class": {
    "anxiety": {
      "precision": 0.9594674556213018,
      "recall": 0.9715398442180947,
      "f1": 0.9654659124739505,
      "support": 3338
    },
    "bipolar": {
      "precision": 0.9725315515961396,
      "recall": 0.9743399033097806,
      "f1": 0.9734348876091399,
      "support": 2689
    },
    "depression": {
      "precision": 0.8150807899461401,
      "recall": 0.7556591211717709,
      "f1": 0.7842459837623078,
      "support": 3004
    },
    "normal": {
      "precision": 0.9543336439888164,
      "recall": 0.9618033813400125,
      "f1": 0.9580539529081553,
      "support": 3194
    },
    "personality disorder": {
      "precision": 0.9843866171003718,
      "recall": 0.9782046545991873,
      "f1": 0.9812858995738373,
      "support": 2707
    },
    "stress": {
      "precision": 0.9525412319084483,
      "recall": 0.9515803631472763,
      "f1": 0.9520605550883096,
      "support": 2974
    },
    "suicidal": {
      "precision": 0.7253613666228647,
      "recall": 0.782608695652174,
      "f1": 0.7528983859968175,
      "support": 2116
    }
  },
  "accuracy_ci95": [
    0.912145390070922,
    0.9196383977624613
  ],
  "macro_f1_ci95": [
    0.9058055428143552,
    0.9134672602254189
  ],
  "technique": "distill",
  "fraction_pct": 100,
  "n_real_labels": 64069,
  "recipe": {
    "epochs": 3,
    "train_batch": 32,
    "lr": 2e-05,
    "warmup_frac": 0.1,
    "max_length": 256
  },
  "canonical_seed": 42,
  "single_seed_disclosed": true,
  "seed_runs": {
    "42": {
      "run_name": "part3_distill_stack_pct100_seed42",
      "seed": 42,
      "n_train_rows": 64069,
      "total_steps": 6009,
      "warmup_steps": 600,
      "final_loss": 0.1484784698486328,
      "loss_history": [
        1.98514892578125,
        1.847236328125,
        1.669095458984375,
        1.450740966796875,
        1.1988409423828126,
        0.8901064300537109,
        0.6759169006347656,
        0.5355586242675782,
        0.42944358825683593,
        0.4239088821411133,
        0.3621534729003906,
        0.3822887420654297,
        0.36094093322753906,
        0.32609527587890624,
        0.3112920570373535,
        0.32898506164550784,
        0.28955224990844725,
        0.3243976593017578,
        0.2920696258544922,
        0.2915884208679199,
        0.27316673278808595,
        0.2604715538024902,
        0.28415153503417967,
        0.2786441421508789,
        0.2518352699279785,
        0.3238069152832031,
        0.29737436294555664,
        0.27320463180541993,
        0.2537035369873047,
        0.24641778945922851,
        0.26466814041137693,
        0.24701475143432616,
        0.2695543670654297,
        0.2923823165893555,
        0.27244590759277343,
        0.2410409355163574,
        0.23353899002075196,
        0.24452959060668944,
        0.25311544418334964,
        0.25667030334472657,
        0.23281688690185548,
        0.21052667617797852,
        0.18842466354370116,
        0.2198678207397461,
        0.2005448532104492,
        0.22121166229248046,
        0.20398469924926757,
        0.1922638702392578,
        0.20265914916992187,
        0.20242321014404296,
        0.20043596267700195,
        0.19318632125854493,
        0.1872258186340332,
        0.1985722541809082,
        0.15355247497558594,
        0.17936286926269532,
        0.2226206398010254,
        0.18519105911254882,
        0.21326637268066406,
        0.22719633102416992,
        0.1970203399658203,
        0.1560780620574951,
        0.20027368545532226,
        0.18357864379882813,
        0.1980876922607422,
        0.19630077362060547,
        0.1702010726928711,
        0.1834526252746582,
        0.2196636962890625,
        0.1914103126525879,
        0.19635719299316406,
        0.19783275604248046,
        0.20627519607543945,
        0.19097843170166015,
        0.19936552047729492,
        0.16914649963378905,
        0.21445276260375976,
        0.21152589797973634,
        0.17291913986206053,
        0.1741236686706543,
        0.14556508064270018,
        0.13495211601257323,
        0.15085169792175293,
        0.13354002952575683,
        0.13769623756408692,
        0.11918376922607422,
        0.13709661483764649,
        0.11718725204467774,
        0.1278187656402588,
        0.11456915855407715,
        0.13358784675598145,
        0.1457110118865967,
        0.11791691780090333,
        0.1392484188079834,
        0.13291172027587891,
        0.11227890014648438,
        0.13706788063049316,
        0.13215038299560547,
        0.12357111930847169,
        0.1309151554107666,
        0.12128750801086426,
        0.13583073616027833,
        0.11683470726013184,
        0.13471389770507813,
        0.1149059009552002,
        0.1285696029663086,
        0.11952253341674805,
        0.11513087272644043,
        0.12239310264587402,
        0.13566922187805175,
        0.1483824920654297,
        0.11931657791137695,
        0.12585942268371583,
        0.12641860961914062,
        0.1428002166748047,
        0.12068738937377929,
        0.14031771659851075,
        0.12745308876037598,
        0.12217879295349121,
        0.1484784698486328
      ],
      "val_class_spread": 7,
      "torch": "2.11.0+cu128",
      "transformers": "5.10.2",
      "accelerate": "1.13.0",
      "csv_path": "/content/drive/MyDrive/BSE/NLP-PROJECT/results/colab_runs/part3_distill_stack_pct100_seed42.csv"
    }
  },
  "provenance": {
    "computed_at": "2026-06-18T19:05:45+00:00",
    "dataset_revision": "186902250e947738f5cb6668808431c56f75b018",
    "split_seed": 42,
    "test_ids_sha256": "0da3f09e8a2b5cc70219fabb0d1f3a8691affa8248943a2dc1c8f6f312e96781"
  }
}