{
  "name": "part3_bert_pct100",
  "n": 20022,
  "accuracy": 0.9171910898012187,
  "macro_f1": 0.9108405948023878,
  "weighted_f1": 0.9170765673676448,
  "kappa": 0.9031492632838497,
  "per_class": {
    "anxiety": {
      "precision": 0.9617437722419929,
      "recall": 0.9715398442180947,
      "f1": 0.9666169895678093,
      "support": 3338
    },
    "bipolar": {
      "precision": 0.9718100890207715,
      "recall": 0.9743399033097806,
      "f1": 0.9730733519034355,
      "support": 2689
    },
    "depression": {
      "precision": 0.8165829145728644,
      "recall": 0.757323568575233,
      "f1": 0.7858376511226253,
      "support": 3004
    },
    "normal": {
      "precision": 0.95680546923555,
      "recall": 0.9639949906073888,
      "f1": 0.9603867747972551,
      "support": 3194
    },
    "personality disorder": {
      "precision": 0.9829250185597624,
      "recall": 0.9782046545991873,
      "f1": 0.9805591557119052,
      "support": 2707
    },
    "stress": {
      "precision": 0.9539805172992946,
      "recall": 0.9549428379287155,
      "f1": 0.9544614350529322,
      "support": 2974
    },
    "suicidal": {
      "precision": 0.7279508556384379,
      "recall": 0.7840264650283554,
      "f1": 0.7549488054607508,
      "support": 2116
    }
  },
  "accuracy_ci95": [
    0.9134452102687044,
    0.920689741284587
  ],
  "macro_f1_ci95": [
    0.9068448108451087,
    0.9144757963914283
  ],
  "n_train_labels": 64069,
  "fraction_pct": 100,
  "fraction_ids_sha256": "74647be277663d41f8083e30a219947bbdd5e73133602efdacc8c65a230b0f8f",
  "recipe": {
    "epochs": 3,
    "train_batch": 32,
    "lr": 2e-05,
    "warmup_frac": 0.1,
    "max_length": 256
  },
  "canonical_seed": 42,
  "single_seed_disclosed": true,
  "seed_runs": {
    "42": {
      "run_name": "part3_bert_pct100_seed42",
      "seed": 42,
      "n_train_rows": 64069,
      "total_steps": 6009,
      "warmup_steps": 600,
      "final_loss": 0.14872714042663573,
      "loss_history": [
        1.9851373291015626,
        1.8472515869140624,
        1.671221923828125,
        1.4476727294921874,
        1.1795841979980468,
        0.8746283721923828,
        0.67109619140625,
        0.535703239440918,
        0.4338009643554688,
        0.42547222137451174,
        0.36532939910888673,
        0.3812892150878906,
        0.3592449951171875,
        0.3279282760620117,
        0.31338058471679686,
        0.32470680236816407,
        0.286324462890625,
        0.3283237457275391,
        0.29258129119873044,
        0.2924691390991211,
        0.2735184288024902,
        0.2670291519165039,
        0.28593719482421875,
        0.28040307998657227,
        0.2502924156188965,
        0.3206907653808594,
        0.29585073471069334,
        0.2722214317321777,
        0.2504775238037109,
        0.2469014358520508,
        0.26826189041137694,
        0.24939313888549805,
        0.2673397445678711,
        0.2920119857788086,
        0.2694305419921875,
        0.2412734794616699,
        0.23202234268188476,
        0.24488714218139648,
        0.25642932891845704,
        0.2515777587890625,
        0.23254045486450195,
        0.20874923706054688,
        0.1863719940185547,
        0.21868061065673827,
        0.1966786003112793,
        0.2123934555053711,
        0.20766256332397462,
        0.19145017623901367,
        0.20299016952514648,
        0.20430816650390626,
        0.20322854995727538,
        0.1924918556213379,
        0.18682207107543947,
        0.1914979362487793,
        0.1549413776397705,
        0.1842382049560547,
        0.22170801162719728,
        0.18486093521118163,
        0.21309261322021483,
        0.22880891799926759,
        0.1940925407409668,
        0.1599143409729004,
        0.2029570198059082,
        0.18311203002929688,
        0.195081844329834,
        0.19385826110839843,
        0.16813457489013672,
        0.1853306198120117,
        0.2178524398803711,
        0.18641660690307618,
        0.20198270797729492,
        0.19652244567871094,
        0.20738742828369142,
        0.18877851486206054,
        0.2006474494934082,
        0.16780872344970704,
        0.21220115661621095,
        0.21537420272827149,
        0.17249210357666014,
        0.1781832504272461,
        0.1463273811340332,
        0.13350870132446288,
        0.14773681640625,
        0.13537439346313476,
        0.140239839553833,
        0.11819210052490234,
        0.13902201652526855,
        0.1156538963317871,
        0.12705605506896972,
        0.11432710647583008,
        0.13175890922546388,
        0.14567931175231932,
        0.1202409839630127,
        0.1375982666015625,
        0.13128163337707519,
        0.11232180595397949,
        0.13986791610717775,
        0.13079758644104003,
        0.12093046188354492,
        0.13220708847045898,
        0.1251992988586426,
        0.13743922233581543,
        0.11669670104980469,
        0.131934232711792,
        0.11808737754821777,
        0.13130033493041993,
        0.11684327125549317,
        0.11609373092651368,
        0.12462596893310547,
        0.13405674934387207,
        0.15344021797180177,
        0.1211293601989746,
        0.1237654972076416,
        0.12356096267700195,
        0.1390863513946533,
        0.11529787063598633,
        0.13571428298950194,
        0.13058488845825195,
        0.12174321174621582,
        0.14872714042663573
      ],
      "val_class_spread": 7,
      "torch": "2.11.0+cu128",
      "transformers": "5.10.2",
      "accelerate": "1.13.0",
      "csv_path": "/content/drive/MyDrive/BSE/NLP-PROJECT/results/colab_runs/part3_bert_pct100_seed42.csv"
    }
  },
  "provenance": {
    "computed_at": "2026-06-18T20:39:43+00:00",
    "dataset_revision": "186902250e947738f5cb6668808431c56f75b018",
    "split_seed": 42,
    "test_ids_sha256": "0da3f09e8a2b5cc70219fabb0d1f3a8691affa8248943a2dc1c8f6f312e96781"
  }
}