{
  "name": "part3_bert_pct50",
  "n": 20022,
  "accuracy": 0.9107481770052942,
  "macro_f1": 0.9042186608852141,
  "weighted_f1": 0.9105881492897907,
  "kappa": 0.8955962015745917,
  "per_class": {
    "anxiety": {
      "precision": 0.9561870929544108,
      "recall": 0.9676452965847813,
      "f1": 0.961882072662299,
      "support": 3338
    },
    "bipolar": {
      "precision": 0.9698660714285714,
      "recall": 0.9695053923391596,
      "f1": 0.9696856983448019,
      "support": 2689
    },
    "depression": {
      "precision": 0.8053003533568904,
      "recall": 0.7586551264980027,
      "f1": 0.7812821391840933,
      "support": 3004
    },
    "normal": {
      "precision": 0.9463732176069436,
      "recall": 0.9558547276142768,
      "f1": 0.9510903426791277,
      "support": 3194
    },
    "personality disorder": {
      "precision": 0.982829413960433,
      "recall": 0.972663465090506,
      "f1": 0.9777200148533234,
      "support": 2707
    },
    "stress": {
      "precision": 0.9412550066755674,
      "recall": 0.9482178883658372,
      "f1": 0.9447236180904522,
      "support": 2974
    },
    "suicidal": {
      "precision": 0.7249438202247191,
      "recall": 0.7622873345935728,
      "f1": 0.7431467403824004,
      "support": 2116
    }
  },
  "accuracy_ci95": [
    0.9066526820497453,
    0.9147437818399761
  ],
  "macro_f1_ci95": [
    0.9001805241760081,
    0.9083585862125688
  ],
  "n_train_labels": 32035,
  "fraction_pct": 50,
  "fraction_ids_sha256": "66893a5ee6d75268adbea47de7e535f2e13f8e3463c1a53157bec5394f49d33e",
  "recipe": {
    "epochs": 3,
    "train_batch": 32,
    "lr": 2e-05,
    "warmup_frac": 0.1,
    "max_length": 256
  },
  "canonical_seed": 42,
  "single_seed_disclosed": true,
  "seed_runs": {
    "42": {
      "run_name": "part3_bert_pct50_seed42",
      "seed": 42,
      "n_train_rows": 32035,
      "total_steps": 3006,
      "warmup_steps": 300,
      "final_loss": 0.13128759384155272,
      "loss_history": [
        1.9810540771484375,
        1.747037353515625,
        1.4735031127929688,
        1.0703254699707032,
        0.7194111633300782,
        0.5352030944824219,
        0.43390956878662107,
        0.35601905822753904,
        0.37633602142333983,
        0.33796329498291017,
        0.35269493103027344,
        0.3436179351806641,
        0.3118157005310059,
        0.3355134582519531,
        0.2974458122253418,
        0.27767932891845704,
        0.2797914695739746,
        0.29009672164916994,
        0.3145004463195801,
        0.2839869689941406,
        0.21993980407714844,
        0.2229867935180664,
        0.22784334182739258,
        0.21194011688232423,
        0.20923259735107422,
        0.2204924201965332,
        0.22452383041381835,
        0.22130374908447265,
        0.2146516799926758,
        0.2102476501464844,
        0.23303585052490233,
        0.23132780075073242,
        0.1870749092102051,
        0.19042840957641602,
        0.21276359558105468,
        0.19912750244140626,
        0.21077499389648438,
        0.21949075698852538,
        0.17978193283081054,
        0.2008579444885254,
        0.17545970916748047,
        0.1501011848449707,
        0.16572217941284179,
        0.15697070121765136,
        0.13908855438232423,
        0.12655588150024413,
        0.13932918548583983,
        0.1520516777038574,
        0.1351573085784912,
        0.14190372467041015,
        0.14885778427124025,
        0.14379013061523438,
        0.13843585968017577,
        0.14457550048828124,
        0.1582805347442627,
        0.13650937080383302,
        0.1249833869934082,
        0.1273041248321533,
        0.12738621711730957,
        0.13128759384155272
      ],
      "val_class_spread": 7,
      "torch": "2.11.0+cu128",
      "transformers": "5.10.2",
      "accelerate": "1.13.0",
      "csv_path": "/content/drive/MyDrive/BSE/NLP-PROJECT/results/colab_runs/part3_bert_pct50_seed42.csv"
    }
  },
  "provenance": {
    "computed_at": "2026-06-18T21:49:58+00:00",
    "dataset_revision": "186902250e947738f5cb6668808431c56f75b018",
    "split_seed": 42,
    "test_ids_sha256": "0da3f09e8a2b5cc70219fabb0d1f3a8691affa8248943a2dc1c8f6f312e96781"
  }
}