{
  "name": "part3_bert_pct25",
  "n": 20022,
  "accuracy": 0.9033063630006992,
  "macro_f1": 0.896183438336197,
  "weighted_f1": 0.9029584822312079,
  "kappa": 0.8868544493924994,
  "per_class": {
    "anxiety": {
      "precision": 0.9460410557184751,
      "recall": 0.9664469742360695,
      "f1": 0.9561351511558981,
      "support": 3338
    },
    "bipolar": {
      "precision": 0.9646577380952381,
      "recall": 0.9642989959092599,
      "f1": 0.9644783336432955,
      "support": 2689
    },
    "depression": {
      "precision": 0.7831615120274914,
      "recall": 0.7586551264980027,
      "f1": 0.7707135610415962,
      "support": 3004
    },
    "normal": {
      "precision": 0.9407935523868568,
      "recall": 0.9502191609267376,
      "f1": 0.9454828660436138,
      "support": 3194
    },
    "personality disorder": {
      "precision": 0.986797434930215,
      "recall": 0.9663834503140007,
      "f1": 0.9764837625979843,
      "support": 2707
    },
    "stress": {
      "precision": 0.9293766578249337,
      "recall": 0.9425016812373908,
      "f1": 0.9358931552587646,
      "support": 2974
    },
    "suicidal": {
      "precision": 0.7232437529467233,
      "recall": 0.724952741020794,
      "f1": 0.7240972386122256,
      "support": 2116
    }
  },
  "accuracy_ci95": [
    0.8992083707921287,
    0.9072532714014584
  ],
  "macro_f1_ci95": [
    0.8917662278886787,
    0.9005731968626528
  ],
  "n_train_labels": 16018,
  "fraction_pct": 25,
  "fraction_ids_sha256": "c85cbc79d6c07e031b12b394fdca273107026923bf7c2dfa9c41a5c307ec0a96",
  "recipe": {
    "epochs": 3,
    "train_batch": 32,
    "lr": 2e-05,
    "warmup_frac": 0.1,
    "max_length": 256
  },
  "canonical_seed": 42,
  "single_seed_disclosed": true,
  "seed_runs": {
    "42": {
      "run_name": "part3_bert_pct25_seed42",
      "seed": 42,
      "n_train_rows": 16018,
      "total_steps": 1503,
      "warmup_steps": 150,
      "final_loss": 0.15466124534606934,
      "loss_history": [
        1.9238751220703125,
        1.5885311889648437,
        1.1097229766845702,
        0.6366167831420898,
        0.4669155502319336,
        0.42550506591796877,
        0.4026470184326172,
        0.3504931640625,
        0.3706162261962891,
        0.3292946243286133,
        0.27937232971191406,
        0.28172849655151366,
        0.2752326202392578,
        0.24347757339477538,
        0.24414499282836913,
        0.2685414886474609,
        0.2062704658508301,
        0.2144642639160156,
        0.225423641204834,
        0.2485325050354004,
        0.1853880500793457,
        0.16621326446533202,
        0.18076833724975586,
        0.16176321029663085,
        0.1797353744506836,
        0.19123064041137694,
        0.1775733184814453,
        0.15851977348327637,
        0.13817115783691405,
        0.15466124534606934
      ],
      "val_class_spread": 7,
      "torch": "2.11.0+cu128",
      "transformers": "5.10.2",
      "accelerate": "1.13.0",
      "csv_path": "/content/drive/MyDrive/BSE/NLP-PROJECT/results/colab_runs/part3_bert_pct25_seed42.csv"
    }
  },
  "provenance": {
    "computed_at": "2026-06-18T21:49:03+00:00",
    "dataset_revision": "186902250e947738f5cb6668808431c56f75b018",
    "split_seed": 42,
    "test_ids_sha256": "0da3f09e8a2b5cc70219fabb0d1f3a8691affa8248943a2dc1c8f6f312e96781"
  }
}