{
  "name": "part3_bert_pct75",
  "n": 20022,
  "accuracy": 0.9153930676256118,
  "macro_f1": 0.9087813407515956,
  "weighted_f1": 0.915121070301452,
  "kappa": 0.901022656346891,
  "per_class": {
    "anxiety": {
      "precision": 0.9572397522854615,
      "recall": 0.9724385859796285,
      "f1": 0.9647793134195274,
      "support": 3338
    },
    "bipolar": {
      "precision": 0.9764133283414451,
      "recall": 0.9698772777984381,
      "f1": 0.9731343283582089,
      "support": 2689
    },
    "depression": {
      "precision": 0.8106007067137809,
      "recall": 0.7636484687083888,
      "f1": 0.7864244086390126,
      "support": 3004
    },
    "normal": {
      "precision": 0.9502318392581144,
      "recall": 0.9624295554164057,
      "f1": 0.9562918027687043,
      "support": 3194
    },
    "personality disorder": {
      "precision": 0.9821958456973294,
      "recall": 0.9782046545991873,
      "f1": 0.98019618730335,
      "support": 2707
    },
    "stress": {
      "precision": 0.948563794255177,
      "recall": 0.9549428379287155,
      "f1": 0.9517426273458445,
      "support": 2974
    },
    "suicidal": {
      "precision": 0.7337868480725623,
      "recall": 0.7646502835538752,
      "f1": 0.7489007174265216,
      "support": 2116
    }
  },
  "accuracy_ci95": [
    0.9114461592248526,
    0.9188942163620017
  ],
  "macro_f1_ci95": [
    0.9046869956635268,
    0.9127044811706786
  ],
  "n_train_labels": 48051,
  "fraction_pct": 75,
  "fraction_ids_sha256": "e988d7c07c01b8c4414c24e962dfe4a0789982bb8685c007cf23e9a89f64fc65",
  "recipe": {
    "epochs": 3,
    "train_batch": 32,
    "lr": 2e-05,
    "warmup_frac": 0.1,
    "max_length": 256
  },
  "canonical_seed": 42,
  "single_seed_disclosed": true,
  "seed_runs": {
    "42": {
      "run_name": "part3_bert_pct75_seed42",
      "seed": 42,
      "n_train_rows": 48051,
      "total_steps": 4506,
      "warmup_steps": 450,
      "final_loss": 0.13167518615722656,
      "loss_history": [
        1.98773193359375,
        1.8049395751953126,
        1.5964761352539063,
        1.32390625,
        1.0038004302978516,
        0.7235270690917969,
        0.4974657440185547,
        0.4363467407226562,
        0.4104793167114258,
        0.3578523635864258,
        0.3360811996459961,
        0.3534798431396484,
        0.32551567077636717,
        0.3209038543701172,
        0.31478099822998046,
        0.29081398010253906,
        0.2724210929870605,
        0.2760100555419922,
        0.3186417770385742,
        0.2745989799499512,
        0.294769287109375,
        0.29689807891845704,
        0.2920613670349121,
        0.279205322265625,
        0.2557680702209473,
        0.25406782150268553,
        0.29639381408691406,
        0.28759647369384767,
        0.24871227264404297,
        0.25462146759033205,
        0.23805635452270507,
        0.21684762954711914,
        0.18582565307617188,
        0.17179683685302735,
        0.19626836776733397,
        0.20063987731933594,
        0.18351049423217775,
        0.20547258377075195,
        0.21622928619384765,
        0.1928409194946289,
        0.18568168640136717,
        0.1775252914428711,
        0.219862117767334,
        0.1900525665283203,
        0.1777663040161133,
        0.19535577774047852,
        0.18887866973876954,
        0.18131813049316406,
        0.20426614761352538,
        0.2003811264038086,
        0.19713687896728516,
        0.20779888153076173,
        0.18018709182739256,
        0.19498659133911134,
        0.20728952407836915,
        0.21028223037719726,
        0.20826778411865235,
        0.19872331619262695,
        0.1866663360595703,
        0.17976348876953124,
        0.13230637550354005,
        0.12150522232055665,
        0.12948519706726075,
        0.14103178977966307,
        0.1255134391784668,
        0.14635100364685058,
        0.13550427436828613,
        0.15107906341552735,
        0.139225492477417,
        0.11804463386535645,
        0.12550811767578124,
        0.14158320426940918,
        0.1157872200012207,
        0.12477587699890137,
        0.11196527481079102,
        0.13643147468566894,
        0.1351069164276123,
        0.12342844009399415,
        0.13720005989074707,
        0.12886903762817384,
        0.12397325515747071,
        0.12811923027038574,
        0.1404817008972168,
        0.13677019119262696,
        0.13110751152038574,
        0.1148610496520996,
        0.13254905700683595,
        0.12531975746154786,
        0.12252439498901367,
        0.13167518615722656
      ],
      "val_class_spread": 7,
      "torch": "2.11.0+cu128",
      "transformers": "5.10.2",
      "accelerate": "1.13.0",
      "csv_path": "/content/drive/MyDrive/BSE/NLP-PROJECT/results/colab_runs/part3_bert_pct75_seed42.csv"
    }
  },
  "provenance": {
    "computed_at": "2026-06-18T21:51:05+00:00",
    "dataset_revision": "186902250e947738f5cb6668808431c56f75b018",
    "split_seed": 42,
    "test_ids_sha256": "0da3f09e8a2b5cc70219fabb0d1f3a8691affa8248943a2dc1c8f6f312e96781"
  }
}