{
  "name": "part2_bert_llmgen_50",
  "n": 20022,
  "accuracy": 0.7385376086305064,
  "macro_f1": 0.7305115250266789,
  "weighted_f1": 0.7393886400424269,
  "kappa": 0.6940352506023838,
  "per_class": {
    "anxiety": {
      "precision": 0.8662943495400789,
      "recall": 0.7899940083882564,
      "f1": 0.8263867126292698,
      "support": 3338
    },
    "bipolar": {
      "precision": 0.7967450271247739,
      "recall": 0.8192636667906285,
      "f1": 0.8078474514118078,
      "support": 2689
    },
    "depression": {
      "precision": 0.4904802500710429,
      "recall": 0.5745672436750998,
      "f1": 0.5292043538249271,
      "support": 3004
    },
    "normal": {
      "precision": 0.7872756933115824,
      "recall": 0.7554790231684408,
      "f1": 0.771049688448634,
      "support": 3194
    },
    "personality disorder": {
      "precision": 0.8262483130904184,
      "recall": 0.9046915404506835,
      "f1": 0.863692470463763,
      "support": 2707
    },
    "stress": {
      "precision": 0.8309465595529165,
      "recall": 0.7999327505043712,
      "f1": 0.8151447661469933,
      "support": 2974
    },
    "suicidal": {
      "precision": 0.5438401775804661,
      "recall": 0.46313799621928164,
      "f1": 0.5002552322613578,
      "support": 2116
    }
  },
  "accuracy_ci95": [
    0.732742732993707,
    0.744432374388173
  ],
  "macro_f1_ci95": [
    0.7250916954470796,
    0.7363470723643532
  ],
  "n_train_labels": 32,
  "n_synth_per_class": 50,
  "n_train_effective": 382,
  "generator": {
    "model": "meta-llama/Llama-3.2-3B-Instruct",
    "revision": "0cb88a4f764b7a12671c53f0838cd831a0843b95",
    "decoding": "sampled",
    "temperature": 0.9,
    "top_p": 0.95,
    "max_new_tokens": 512,
    "seed_scheme": "torch.manual_seed(SEED*1000003+first_idx) per batch",
    "gen_prompt_version": "v2"
  },
  "judge": {
    "model": "google/gemma-3-4b-it",
    "revision": "093f9f388b31de276ce2de164bdc2081324b9767",
    "decoding": "greedy",
    "prompt": "2c frozen candidate (v2_direct, hash 3a21817c83c1) - professor-approved 2026-06-12, disclosures in plan 4d",
    "confidence_recorded": true
  },
  "qc_counts": {
    "anxiety": {
      "raw_parsed": 327,
      "dedup_dropped": 0,
      "judge_disagree": 118,
      "judge_flagged": 0,
      "accepted": 209,
      "kept": 200
    },
    "bipolar": {
      "raw_parsed": 871,
      "dedup_dropped": 0,
      "judge_disagree": 662,
      "judge_flagged": 0,
      "accepted": 209,
      "kept": 200
    },
    "depression": {
      "raw_parsed": 261,
      "dedup_dropped": 0,
      "judge_disagree": 45,
      "judge_flagged": 0,
      "accepted": 216,
      "kept": 200
    },
    "normal": {
      "raw_parsed": 823,
      "dedup_dropped": 0,
      "judge_disagree": 584,
      "judge_flagged": 0,
      "accepted": 239,
      "kept": 200
    },
    "personality disorder": {
      "raw_parsed": 1041,
      "dedup_dropped": 0,
      "judge_disagree": 795,
      "judge_flagged": 0,
      "accepted": 246,
      "kept": 200
    },
    "stress": {
      "raw_parsed": 263,
      "dedup_dropped": 0,
      "judge_disagree": 32,
      "judge_flagged": 0,
      "accepted": 231,
      "kept": 200
    },
    "suicidal": {
      "raw_parsed": 338,
      "dedup_dropped": 0,
      "judge_disagree": 130,
      "judge_flagged": 0,
      "accepted": 208,
      "kept": 200
    }
  },
  "synthetic_sha256": "b04bb1668f7f3120a284fe6c2e58a17e4fd988e249763f8918f4979bd9f25abc",
  "weak_labels": true,
  "canonical_seed": 42,
  "seed_runs": {
    "42": {
      "run_name": "part2_bert_llmgen_50_seed42",
      "seed": 42,
      "final_loss": 0.0009876648895442487,
      "loss_history": [
        2.088037109375,
        1.94737548828125,
        1.9439208984375,
        1.90511474609375,
        1.8379192352294922,
        1.721502685546875,
        1.564813232421875,
        1.44158935546875,
        1.47174072265625,
        1.231709861755371,
        1.0306304931640624,
        0.9697021484375,
        0.7469284057617187,
        0.7030776977539063,
        0.6150253295898438,
        0.44095687866210936,
        0.3987770080566406,
        0.303643798828125,
        0.24460830688476562,
        0.16177685260772706,
        0.13210639953613282,
        0.1006072998046875,
        0.08529090881347656,
        0.09043299555778503,
        0.051999664306640624,
        0.03306598663330078,
        0.02597503662109375,
        0.02184772491455078,
        0.020760662853717804,
        0.01540517807006836,
        0.014624977111816406,
        0.012340497970581055,
        0.011409616470336914,
        0.010569572448730469,
        0.009868907928466796,
        0.008477735519409179,
        0.007975339889526367,
        0.007808876037597656,
        0.007044585794210434,
        0.0068476200103759766,
        0.006231784820556641,
        0.006062555313110352,
        0.006118297576904297,
        0.005792069435119629,
        0.00544888973236084,
        0.005408573150634766,
        0.004817342758178711,
        0.0049076717346906665,
        0.004424500465393067,
        0.00455707311630249,
        0.004231309890747071,
        0.004141616821289063,
        0.003931403160095215,
        0.003909635543823242,
        0.003706073760986328,
        0.0037279844284057615,
        0.003633546829223633,
        0.0033749736845493316,
        0.0032839536666870116,
        0.0032027363777160645,
        0.0033112764358520508,
        0.003390669822692871,
        0.003000430390238762,
        0.0030569672584533692,
        0.0028562188148498536,
        0.0027509450912475584,
        0.0027733325958251955,
        0.0028820592910051347,
        0.0027483344078063966,
        0.0026451945304870605,
        0.0026076793670654296,
        0.0025179028511047364,
        0.0025174856185913087,
        0.0023900866508483887,
        0.0024221658706665037,
        0.0023267507553100587,
        0.0022781014442443846,
        0.0022202014923095705,
        0.002194523811340332,
        0.002122187614440918,
        0.0021167755126953124,
        0.002191082760691643,
        0.002047526836395264,
        0.001967763900756836,
        0.002077054977416992,
        0.0019692897796630858,
        0.0019679863005876543,
        0.0019568920135498045,
        0.0019448399543762207,
        0.001813650131225586,
        0.0018241286277770996,
        0.0017506202682852745,
        0.0017685174942016601,
        0.0017369747161865234,
        0.0017889142036437988,
        0.0016927799209952355,
        0.0016294002532958984,
        0.0016273021697998046,
        0.001663064956665039,
        0.0016251981258392334,
        0.001615031436085701,
        0.0017059326171875,
        0.0014907121658325195,
        0.0015836119651794433,
        0.0015470027923583985,
        0.0015176733024418354,
        0.001473599672317505,
        0.0014230430126190186,
        0.0014262437820434571,
        0.001469862461090088,
        0.0015001436695456505,
        0.0013313412666320801,
        0.001415586471557617,
        0.0014626145362854003,
        0.0013564586639404296,
        0.001313018798828125,
        0.0012792766094207764,
        0.0013469338417053222,
        0.001363050937652588,
        0.0013208389282226562,
        0.0012616217136383057,
        0.001316201686859131,
        0.0013068735599517823,
        0.0012389719486236572,
        0.0013001819141209125,
        0.001292341947555542,
        0.001294386386871338,
        0.0012479960918426515,
        0.0012045204639434814,
        0.0012294173240661622,
        0.0011216938495635987,
        0.001246589422225952,
        0.0011960744857788086,
        0.0011909425258636475,
        0.001205942966043949,
        0.0012043356895446778,
        0.0011425316333770752,
        0.0011948347091674805,
        0.0011598289012908936,
        0.0011593559756875038,
        0.0011279821395874024,
        0.001103442907333374,
        0.001127922534942627,
        0.0010767519474029542,
