{
  "name": "part4_student_distill",
  "n": 20022,
  "accuracy": 0.9134452102687044,
  "macro_f1": 0.9068473593564113,
  "weighted_f1": 0.913339210223883,
  "kappa": 0.8987497770113315,
  "per_class": {
    "anxiety": {
      "precision": 0.958628841607565,
      "recall": 0.9718394248052726,
      "f1": 0.9651889318655162,
      "support": 3338
    },
    "bipolar": {
      "precision": 0.9710789766407119,
      "recall": 0.973968017850502,
      "f1": 0.9725213516524323,
      "support": 2689
    },
    "depression": {
      "precision": 0.8079493492789307,
      "recall": 0.7646471371504661,
      "f1": 0.7857020694373182,
      "support": 3004
    },
    "normal": {
      "precision": 0.9469135802469136,
      "recall": 0.960551033187226,
      "f1": 0.9536835561081753,
      "support": 3194
    },
    "personality disorder": {
      "precision": 0.9869256630556593,
      "recall": 0.9759881787957149,
      "f1": 0.9814264487369985,
      "support": 2707
    },
    "stress": {
      "precision": 0.9492729117348664,
      "recall": 0.9438466711499663,
      "f1": 0.9465520148372956,
      "support": 2974
    },
    "suicidal": {
      "precision": 0.7248201438848921,
      "recall": 0.7618147448015122,
      "f1": 0.7428571428571429,
      "support": 2116
    }
  },
  "accuracy_ci95": [
    0.9095494955548896,
    0.9171923384277295
  ],
  "macro_f1_ci95": [
    0.9026887315920467,
    0.9108443960650061
  ],
  "teacher": "part3_bert_pct100",
  "student_model": "distilbert-base-uncased",
  "temperature": 2.0,
  "alpha": 0.7,
  "canonical_seed": 42,
  "single_seed_disclosed": true,
  "seed_runs": {
    "42": {
      "run_name": "part4_student_distill",
      "seed": 42,
      "n_train_rows": 64069,
      "total_steps": 6009,
      "warmup_steps": 600,
      "final_loss": 0.1339912223815918,
      "loss_history": [
        4.517330932617187,
        4.490556640625,
        4.159317932128906,
        3.565699157714844,
        2.79542236328125,
        2.1542601013183593,
        1.61758544921875,
        1.2302976989746093,
        1.065860595703125,
        0.8878694152832032,
        0.7616839599609375,
        0.6663025665283203,
        0.6039655685424805,
        0.5532186889648437,
        0.553902587890625,
        0.4330280303955078,
        0.450959358215332,
        0.4467878723144531,
        0.40379150390625,
        0.36122421264648436,
        0.41496097564697265,
        0.36620628356933593,
        0.4051594543457031,
        0.3824478530883789,
        0.3778238296508789,
        0.3677088928222656,
        0.3494119644165039,
        0.35524784088134764,
        0.35606922149658204,
        0.3467083358764648,
        0.3189975357055664,
        0.33648311614990234,
        0.27345531463623046,
        0.3308296203613281,
        0.2952064895629883,
        0.3415066146850586,
        0.30550357818603513,
        0.32356857299804687,
        0.3058806991577148,
        0.292105655670166,
        0.25016881942749025,
        0.2061532211303711,
        0.22013648986816406,
        0.2060533332824707,
        0.23296640396118165,
        0.22231290817260743,
        0.1912447166442871,
        0.23012863159179686,
        0.23580026626586914,
        0.2153948402404785,
        0.24585487365722655,
        0.21445199966430664,
        0.2185727310180664,
        0.24192625045776367,
        0.20027534484863282,
        0.21929889678955078,
        0.25245956420898436,
        0.18380529403686524,
        0.18417985916137694,
        0.20577152252197264,
        0.21461847305297851,
        0.20029504776000975,
        0.1725749969482422,
        0.2515580368041992,
        0.2163066101074219,
        0.1971565628051758,
        0.20067977905273438,
        0.18851402282714844,
        0.19776086807250975,
        0.17462924957275391,
        0.2118193817138672,
        0.22025318145751954,
        0.1828066062927246,
        0.21715473175048827,
        0.19790702819824219,
        0.18560791015625,
        0.20124536514282226,
        0.18116552352905274,
        0.18830743789672852,
        0.21846176147460938,
        0.1203865909576416,
        0.11736357688903809,
        0.14782769203186036,
        0.14005139350891113,
        0.12792425155639647,
        0.14563575744628907,
        0.1322164726257324,
        0.12388468742370605,
        0.13656859397888182,
        0.14143933296203615,
        0.134788179397583,
        0.14457881927490235,
        0.12954612731933593,
        0.12224349975585938,
        0.13327412605285643,
        0.12798562049865722,
        0.1300291347503662,
        0.16180654525756835,
        0.12664015769958495,
        0.13441946983337402,
        0.12013532638549805,
        0.11395869255065919,
        0.11602401733398438,
        0.13243314743041992,
        0.12602625846862792,
        0.1492324638366699,
        0.11812142372131347,
        0.11988566398620605,
        0.1148160457611084,
        0.14382899284362793,
        0.12029683113098144,
        0.11620457649230957,
        0.11740022659301758,
        0.12487445831298828,
        0.12498106002807617,
        0.1296035385131836,
        0.09618395805358887,
        0.12171660423278809,
        0.12678543090820313,
        0.1339912223815918
      ],
      "val_class_spread": 7,
      "teacher_dir": "/content/drive/MyDrive/BSE/NLP-PROJECT/Final_submission/results/colab_runs/part3_bert_pct100_model",
      "student_model": "distilbert-base-uncased",
      "temperature": 2.0,
      "alpha": 0.7,
      "teacher_parameters": 109487623,
      "student_parameters": 66958855,
      "parameter_reduction_pct": 38.84344808545163,
      "torch": "2.11.0+cu128",
      "transformers": "5.10.2",
      "accelerate": "1.13.0",
      "csv_path": "/content/drive/MyDrive/BSE/NLP-PROJECT/Final_submission/results/colab_runs/part4_student_distill.csv"
    }
  },
  "teacher_parameters": 109487623,
  "student_parameters": 66958855,
  "parameter_reduction_pct": 38.84344808545163,
  "provenance": {
    "computed_at": "2026-06-18T20:42:50+00:00",
    "dataset_revision": "186902250e947738f5cb6668808431c56f75b018",
    "split_seed": 42,
    "test_ids_sha256": "0da3f09e8a2b5cc70219fabb0d1f3a8691affa8248943a2dc1c8f6f312e96781"
  }
}