{
  "name": "part2_bert_eda_160",
  "n": 20022,
  "accuracy": 0.6363000699230846,
  "macro_f1": 0.6304147495977865,
  "weighted_f1": 0.6437703418915995,
  "kappa": 0.5734321385607504,
  "per_class": {
    "anxiety": {
      "precision": 0.7498300475866757,
      "recall": 0.6608747753145596,
      "f1": 0.7025477707006369,
      "support": 3338
    },
    "bipolar": {
      "precision": 0.6874109263657957,
      "recall": 0.5381182595760505,
      "f1": 0.6036712557363371,
      "support": 2689
    },
    "depression": {
      "precision": 0.38847523470378764,
      "recall": 0.7989347536617842,
      "f1": 0.5227619255064256,
      "support": 3004
    },
    "normal": {
      "precision": 0.8711227610310179,
      "recall": 0.6242955541640576,
      "f1": 0.7273390479664418,
      "support": 3194
    },
    "personality disorder": {
      "precision": 0.978687605159843,
      "recall": 0.6446250461765792,
      "f1": 0.77728285077951,
      "support": 2707
    },
    "stress": {
      "precision": 0.7001180637544274,
      "recall": 0.7975790181573639,
      "f1": 0.7456774599182647,
      "support": 2974
    },
    "suicidal": {
      "precision": 0.43081525804038895,
      "recall": 0.2722117202268431,
      "f1": 0.3336229365768897,
      "support": 2116
    }
  },
  "accuracy_ci95": [
    0.6303566077314954,
    0.6431949855159325
  ],
  "macro_f1_ci95": [
    0.6243688185951718,
    0.6372081529674769
  ],
  "n_train_labels": 32,
  "n_train_effective": 157,
  "augmentation_method": "eda",
  "augmentation_counts": {
    "generated": 128,
    "dropped_identical": 3,
    "effective": 125,
    "effective_per_class": {
      "stress": 20,
      "depression": 20,
      "anxiety": 20,
      "normal": 17,
      "bipolar": 16,
      "personality disorder": 16,
      "suicidal": 16
    },
    "n_train_with_originals": 157
  },
  "removed_aug_ids": [],
  "canonical_seed": 42,
  "seed_runs": {
    "42": {
      "run_name": "part2_bert_eda_160_seed42",
      "seed": 42,
      "final_loss": 0.0038701914250850677,
      "loss_history": [
        2.043115234375,
        1.8560327529907226,
        1.67762451171875,
        1.5356091499328612,
        1.371478271484375,
        1.2427526473999024,
        1.0271636962890625,
        0.8320892333984375,
        0.688232421875,
        0.5380423069000244,
        0.4075103759765625,
        0.30291900634765623,
        0.21790618896484376,
        0.16331878900527955,
        0.10532264709472657,
        0.08525245785713195,
        0.05983314514160156,
        0.043828660249710084,
        0.035030555725097653,
        0.029088935256004332,
        0.023994064331054686,
        0.02223331481218338,
        0.019247913360595705,
        0.017120799422264098,
        0.01642742156982422,
        0.015487423539161682,
        0.01357569694519043,
        0.01331024169921875,
        0.012596368789672852,
        0.011334200203418732,
        0.010524988174438477,
        0.010627222061157227,
        0.009761905670166016,
        0.009340496361255645,
        0.008707237243652344,
        0.008606596291065216,
        0.008354282379150391,
        0.008048772811889648,
        0.0077056884765625,
        0.007463379204273224,
        0.007501411437988281,
        0.006979341804981232,
        0.00683133602142334,
        0.006777296215295792,
        0.006513667106628418,
        0.0062351513653993605,
        0.006522274017333985,
        0.0056365013122558595,
        0.0060805797576904295,
        0.005592389032244682,
        0.0054978132247924805,
        0.005572552606463432,
        0.005507564544677735,
        0.005333728715777397,
        0.00518953800201416,
        0.005431471019983291,
        0.0050917863845825195,
        0.005121803283691407,
        0.004700422286987305,
        0.004873228073120117,
        0.004889369010925293,
        0.004469408839941025,
        0.004575562477111816,
        0.004659976810216904,
        0.004606056213378906,
        0.004626722261309624,
        0.004465675354003907,
        0.0046592138707637785,
        0.004381871223449707,
        0.004457364231348038,
        0.004463362693786621,
        0.004360795021057129,
        0.0041762590408325195,
        0.004392433166503906,
        0.004488062858581543,
        0.0041785575449466705,
        0.004134154319763184,
        0.004355950281023979,
        0.004447054862976074,
        0.0038701914250850677
      ],
      "val_class_spread": 7,
      "torch": "2.11.0+cu128",
      "transformers": "5.10.2",
      "accelerate": "1.13.0",
      "csv_path": "/content/drive/MyDrive/BSE/NLP-PROJECT/results/colab_runs/part2_bert_eda_160_seed42.csv"
    }
  },
  "provenance": {
    "computed_at": "2026-06-18T17:35:16+00:00",
    "dataset_revision": "186902250e947738f5cb6668808431c56f75b018",
    "split_seed": 42,
    "test_ids_sha256": "0da3f09e8a2b5cc70219fabb0d1f3a8691affa8248943a2dc1c8f6f312e96781"
  }
}