{
  "name": "part1_rule_based_mined",
  "n": 20022,
  "accuracy": 0.745080411547298,
  "macro_f1": 0.7494563575651593,
  "weighted_f1": 0.7550004668851559,
  "kappa": 0.7013564353530924,
  "per_class": {
    "anxiety": {
      "precision": 0.9115341545352743,
      "recall": 0.731575793888556,
      "f1": 0.8117001828153565,
      "support": 3338
    },
    "bipolar": {
      "precision": 0.8988669744020142,
      "recall": 0.7965786537746374,
      "f1": 0.8446372239747634,
      "support": 2689
    },
    "depression": {
      "precision": 0.43837404437814653,
      "recall": 0.7826231691078562,
      "f1": 0.5619696426437194,
      "support": 3004
    },
    "normal": {
      "precision": 0.7394463667820069,
      "recall": 0.6690670006261741,
      "f1": 0.7024983563445102,
      "support": 3194
    },
    "personality disorder": {
      "precision": 0.9216335540838853,
      "recall": 0.9253786479497599,
      "f1": 0.9235023041474655,
      "support": 2707
    },
    "stress": {
      "precision": 0.9279314374756525,
      "recall": 0.800941492938803,
      "f1": 0.8597726042230645,
      "support": 2974
    },
    "suicidal": {
      "precision": 0.6744022503516175,
      "recall": 0.45321361058601134,
      "f1": 0.5421141888072357,
      "support": 2116
    }
  },
  "accuracy_ci95": [
    0.7389359204874638,
    0.7510738187993208
  ],
  "macro_f1_ci95": [
    0.7436960550942175,
    0.7550526256609715
  ],
  "k_terms_per_class": 400,
  "provenance": {
    "computed_at": "2026-06-18T17:36:38+00:00",
    "dataset_revision": "186902250e947738f5cb6668808431c56f75b018",
    "split_seed": 42,
    "test_ids_sha256": "0da3f09e8a2b5cc70219fabb0d1f3a8691affa8248943a2dc1c8f6f312e96781"
  }
}