{
  "name": "part2_bert_backtrans",
  "n": 20022,
  "accuracy": 0.6713615023474179,
  "macro_f1": 0.6505403744513464,
  "weighted_f1": 0.6700161248373409,
  "kappa": 0.613658231170292,
  "per_class": {
    "anxiety": {
      "precision": 0.7705727452271232,
      "recall": 0.7013181545835829,
      "f1": 0.7343161856963614,
      "support": 3338
    },
    "bipolar": {
      "precision": 0.7902488572879635,
      "recall": 0.5786537746374116,
      "f1": 0.6680978960927436,
      "support": 2689
    },
    "depression": {
      "precision": 0.39438040345821324,
      "recall": 0.9111185086551264,
      "f1": 0.5504827031375704,
      "support": 3004
    },
    "normal": {
      "precision": 0.8658352229780801,
      "recall": 0.7172824045084534,
      "f1": 0.7845890410958904,
      "support": 3194
    },
    "personality disorder": {
      "precision": 0.9766141331977631,
      "recall": 0.7096416697451052,
      "f1": 0.8219940094137783,
      "support": 2707
    },
    "stress": {
      "precision": 0.8008270158511371,
      "recall": 0.7814391392064559,
      "f1": 0.7910142954390742,
      "support": 2974
    },
    "suicidal": {
      "precision": 0.4857142857142857,
      "recall": 0.1285444234404537,
      "f1": 0.20328849028400597,
      "support": 2116
    }
  },
  "accuracy_ci95": [
    0.6655166816501847,
    0.6777607132154629
  ],
  "macro_f1_ci95": [
    0.6450851447086117,
    0.6564753987697417
  ],
  "n_train_labels": 32,
  "n_train_effective": 154,
  "augmentation_method": "backtranslation",
  "augmentation_counts": {
    "generated": 128,
    "dropped_identical": 6,
    "effective": 122,
    "effective_per_class": {
      "stress": 20,
      "depression": 20,
      "anxiety": 20,
      "personality disorder": 16,
      "bipolar": 16,
      "suicidal": 16,
      "normal": 14
    },
    "n_train_with_originals": 154
  },
  "removed_aug_ids": [],
  "canonical_seed": 42,
  "seed_runs": {
    "42": {
      "run_name": "part2_bert_backtrans_seed42",
      "seed": 42,
      "final_loss": 0.0041264772415161135,
      "loss_history": [
        2.0514892578125,
        1.890966796875,
        1.71295166015625,
        1.551416015625,
        1.375506591796875,
        1.202105712890625,
        0.97926025390625,
        0.883526611328125,
        0.6671875,
        0.568359375,
        0.41697998046875,
        0.3186737060546875,
        0.24719390869140626,
        0.1612640380859375,
        0.12959976196289064,
        0.09238433837890625,
        0.07308082580566407,
        0.04784526824951172,
        0.04090099334716797,
        0.031441688537597656,
        0.02638416290283203,
        0.02375335693359375,
        0.02023792266845703,
        0.018186283111572266,
        0.01629362106323242,
        0.016933441162109375,
        0.013767051696777343,
        0.014095878601074219,
        0.012888193130493164,
        0.011851787567138672,
        0.011042499542236328,
        0.011069726943969727,
        0.009981727600097657,
        0.009381580352783202,
        0.008825397491455078,
        0.008823537826538086,
        0.00912022590637207,
        0.0077359676361083984,
        0.00815720558166504,
        0.007508611679077149,
        0.007314014434814453,
        0.006952095031738281,
        0.006702804565429687,
        0.006649637222290039,
        0.006658411026000977,
        0.006213068962097168,
        0.006196522712707519,
        0.005843973159790039,
        0.00618135929107666,
        0.0054667949676513675,
        0.0057936906814575195,
        0.0050716400146484375,
        0.005297303199768066,
        0.00546722412109375,
        0.005322694778442383,
        0.0053490400314331055,
        0.004865407943725586,
        0.005023360252380371,
        0.0048266172409057615,
        0.004610824584960938,
        0.004807567596435547,
        0.004743742942810059,
        0.004605150222778321,
        0.004752421379089355,
        0.004776120185852051,
        0.004472208023071289,
        0.004365468025207519,
        0.00439002513885498,
        0.004471969604492187,
        0.0042179346084594725,
        0.004284334182739258,
        0.004254269599914551,
        0.004223442077636719,
        0.0042630195617675785,
        0.00439920425415039,
        0.004186511039733887,
        0.004423093795776367,
        0.004260349273681641,
        0.0041501522064208984,
        0.0041264772415161135
      ],
      "val_class_spread": 7,
      "torch": "2.11.0+cu128",
      "transformers": "5.10.2",
      "accelerate": "1.13.0",
      "csv_path": "/content/drive/MyDrive/BSE/NLP-PROJECT/results/colab_runs/part2_bert_backtrans_seed42.csv"
    }
  },
  "provenance": {
    "computed_at": "2026-06-18T17:34:07+00:00",
    "dataset_revision": "186902250e947738f5cb6668808431c56f75b018",
    "split_seed": 42,
    "test_ids_sha256": "0da3f09e8a2b5cc70219fabb0d1f3a8691affa8248943a2dc1c8f6f312e96781"
  }
}