{
  "run_name": "part4_teacher_distill100_val_seed42",
  "seed": 42,
  "n_train_rows": 64069,
  "total_steps": 6009,
  "warmup_steps": 600,
  "final_loss": 0.14750154495239257,
  "loss_history": [
    1.9851495361328124,
    1.847269287109375,
    1.671131591796875,
    1.4487124633789064,
    1.1953843688964845,
    0.8992733001708985,
    0.6850682067871093,
    0.5421894073486329,
    0.43265701293945313,
    0.42410324096679686,
    0.36332618713378906,
    0.38298248291015624,
    0.36116546630859375,
    0.3247077560424805,
    0.3111027908325195,
    0.3267852783203125,
    0.2933204460144043,
    0.3258083724975586,
    0.28494203567504883,
    0.2892781639099121,
    0.2756344223022461,
    0.26650472640991213,
    0.28764028549194337,
    0.2768825340270996,
    0.25084117889404295,
    0.32461883544921877,
    0.2975558853149414,
    0.27329145431518553,
    0.2527665710449219,
    0.2461215591430664,
    0.26917409896850586,
    0.25131765365600583,
    0.26504924774169925,
    0.2927024459838867,
    0.2676535606384277,
    0.23984189987182616,
    0.23381351470947265,
    0.24337358474731446,
    0.2521176338195801,
    0.25468164443969726,
    0.23543193817138672,
    0.21227617263793946,
    0.1887643814086914,
    0.21886711120605468,
    0.19515928268432617,
    0.21395990371704102,
    0.20459617614746095,
    0.1915277671813965,
    0.2009507179260254,
    0.20753564834594726,
    0.20318031311035156,
    0.1918848419189453,
    0.18137741088867188,
    0.18955652236938478,
    0.15389898300170898,
    0.18517940521240234,
    0.22045942306518554,
    0.18678325653076172,
    0.21373029708862304,
    0.22839611053466796,
    0.19170188903808594,
    0.16059873580932618,
    0.20048830032348633,
    0.1829092597961426,
    0.19803695678710936,
    0.1957386016845703,
    0.17260866165161132,
    0.18095630645751953,
    0.22075578689575195,
    0.1877022933959961,
    0.19989992141723634,
    0.19489459991455077,
    0.2061617088317871,
    0.1882526969909668,
    0.2040043830871582,
    0.16899499893188477,
    0.21122432708740235,
    0.21214990615844725,
    0.17165395736694336,
    0.17791458129882812,
    0.1499783992767334,
    0.13436029434204103,
    0.1442556381225586,
    0.1361557960510254,
    0.1369768524169922,
    0.11905101776123046,
    0.1406877040863037,
    0.11723082542419433,
    0.1263906764984131,
    0.11457517623901367,
    0.13340483665466307,
    0.14729195594787597,
    0.11853734970092773,
    0.13834558486938475,
    0.13112229347229004,
    0.11173867225646973,
    0.13918035507202148,
    0.13117158889770508,
    0.12347034454345703,
    0.1303469467163086,
    0.12711427688598634,
    0.13549792289733886,
    0.1192033576965332,
    0.13361675262451173,
    0.11895647048950195,
    0.12989551544189454,
    0.11838021278381347,
    0.11659242630004883,
    0.1227257251739502,
    0.13310245513916016,
    0.14823911666870118,
    0.12248112678527832,
    0.12484872817993165,
    0.12125910758972168,
    0.14007997512817383,
    0.11684799194335938,
    0.1334678077697754,
    0.12938122749328612,
    0.1242175579071045,
    0.14750154495239257
  ],
  "val_class_spread": 7,
  "torch": "2.11.0+cu128",
  "transformers": "5.10.2",
  "accelerate": "1.13.0",
  "csv_path": "/content/drive/MyDrive/BSE/NLP-PROJECT/results/colab_runs/part4_teacher_distill100_val_seed42.csv"
}