{
  "run_name": "part4_teacher_synth100_val_seed42",
  "seed": 42,
  "n_train_rows": 65469,
  "total_steps": 6138,
  "warmup_steps": 613,
  "final_loss": 0.12348089218139649,
  "loss_history": [
    1.9951678466796876,
    1.8662469482421875,
    1.7073294067382812,
    1.465054931640625,
    1.2046078491210936,
    0.89403564453125,
    0.6987525177001953,
    0.5408049011230469,
    0.47826915740966797,
    0.43420326232910156,
    0.40346225738525393,
    0.3669154357910156,
    0.3524853515625,
    0.3443925857543945,
    0.33573246002197266,
    0.3030245399475098,
    0.35001434326171876,
    0.32271060943603513,
    0.3346875762939453,
    0.28220455169677733,
    0.3192691612243652,
    0.31322738647460935,
    0.32566463470458984,
    0.30372028350830077,
    0.2609929084777832,
    0.29274566650390627,
    0.27919397354125974,
    0.26125202178955076,
    0.2633884620666504,
    0.2552431869506836,
    0.26030303955078127,
    0.2840418815612793,
    0.27460603713989257,
    0.2811316108703613,
    0.29501020431518554,
    0.223863525390625,
    0.253905143737793,
    0.2586930084228516,
    0.2678546524047852,
    0.2631414031982422,
    0.21977409362792968,
    0.1818779182434082,
    0.19049375534057617,
    0.2063542938232422,
    0.19654714584350585,
    0.19078823089599609,
    0.2430134582519531,
    0.19333436965942383,
    0.21023303985595704,
    0.2079964256286621,
    0.20462823867797852,
    0.19933237075805665,
    0.21065505981445312,
    0.18018077850341796,
    0.20669971466064452,
    0.18523748397827147,
    0.2253762435913086,
    0.2051683807373047,
    0.18454166412353515,
    0.22592855453491212,
    0.19013811111450196,
    0.18068517684936525,
    0.1945883560180664,
    0.18348735809326172,
    0.19927539825439453,
    0.19126235961914062,
    0.18425535202026366,
    0.2069900894165039,
    0.19371437072753905,
    0.20013561248779296,
    0.2201274299621582,
    0.181754150390625,
    0.16911575317382813,
    0.2008015251159668,
    0.17995332717895507,
    0.16526634216308594,
    0.16774044036865235,
    0.20161598205566406,
    0.16986797332763673,
    0.17988998413085938,
    0.19140357971191407,
    0.17269477844238282,
    0.14079364776611328,
    0.13726975440979003,
    0.13512240409851073,
    0.11356845855712891,
    0.12754667282104493,
    0.13109018325805663,
    0.12626669883728028,
    0.13450590133666993,
    0.13946961402893066,
    0.1300341510772705,
    0.12895874977111815,
    0.12868571281433105,
    0.13171603202819823,
    0.1344231414794922,
    0.11433030128479003,
    0.12662210464477539,
    0.11566771507263184,
    0.12579513549804688,
    0.10880181312561035,
    0.13839882850646973,
    0.13024168968200683,
    0.1417541790008545,
    0.12212271690368652,
    0.13648886680603028,
    0.13155335426330567,
    0.12880956649780273,
    0.12799954414367676,
    0.12048474311828614,
    0.12687861442565918,
    0.12604368209838868,
    0.14741751670837402,
    0.12748893737792968,
    0.12568774223327636,
    0.13660727500915526,
    0.11786447525024414,
    0.1444479751586914,
    0.12685029029846193,
    0.10230677604675292,
    0.1268457889556885,
    0.12348089218139649
  ],
  "val_class_spread": 7,
  "torch": "2.11.0+cu128",
  "transformers": "5.10.2",
  "accelerate": "1.13.0",
  "csv_path": "/content/drive/MyDrive/BSE/NLP-PROJECT/results/colab_runs/part4_teacher_synth100_val_seed42.csv"
}