{
  "run_name": "part4_teacher_pct100_val_seed42",
  "seed": 42,
  "n_train_rows": 64069,
  "total_steps": 6009,
  "warmup_steps": 600,
  "final_loss": 0.14958660125732423,
  "loss_history": [
    1.98514892578125,
    1.84721435546875,
    1.669593505859375,
    1.4504806518554687,
    1.1840708923339844,
    0.8826190948486328,
    0.6688005828857422,
    0.5308901596069336,
    0.43046676635742187,
    0.42406517028808594,
    0.36518268585205077,
    0.37962310791015624,
    0.35781707763671877,
    0.3226712417602539,
    0.31219682693481443,
    0.32851829528808596,
    0.2909796714782715,
    0.32268413543701174,
    0.2856805038452148,
    0.2907776069641113,
    0.27707983016967774,
    0.2624732208251953,
    0.2870949172973633,
    0.27732315063476565,
    0.2506960105895996,
    0.31972393035888674,
    0.29826892852783204,
    0.2732216262817383,
    0.25508737564086914,
    0.24456003189086914,
    0.26134220123291013,
    0.24985153198242188,
    0.26946125030517576,
    0.2920376205444336,
    0.2687596321105957,
    0.2403852653503418,
    0.23172714233398437,
    0.24305341720581056,
    0.25576942443847656,
    0.2562401580810547,
    0.23277929306030273,
    0.2096230888366699,
    0.18806980133056642,
    0.21796634674072266,
    0.19831274032592774,
    0.21611867904663085,
    0.20502712249755858,
    0.19147308349609374,
    0.2038307571411133,
    0.2055036735534668,
    0.19845489501953126,
    0.19041027069091798,
    0.18996641159057617,
    0.1970442008972168,
    0.15309321403503418,
    0.18309818267822264,
    0.21988853454589843,
    0.18238353729248047,
    0.2166984748840332,
    0.23018592834472656,
    0.19716028213500977,
    0.15951518058776856,
    0.19899023056030274,
    0.1843178939819336,
    0.19815568923950194,
    0.18925098419189454,
    0.17074251174926758,
    0.18515800476074218,
    0.22025249481201173,
    0.18979347229003907,
    0.2010204315185547,
    0.19668712615966796,
    0.208507022857666,
    0.18898378372192381,
    0.1994280242919922,
    0.1677352523803711,
    0.21077768325805665,
    0.21365978240966796,
    0.17494190216064454,
    0.17584892272949218,
    0.1458546257019043,
    0.1355443000793457,
    0.14968873023986817,
    0.13553507804870604,
    0.13933526039123534,
    0.11854751586914063,
    0.1408322811126709,
    0.11902864456176758,
    0.12497140884399414,
    0.11442178726196289,
    0.13735139846801758,
    0.14850907325744628,
    0.11839599609375,
    0.13799674034118653,
    0.13217278480529784,
    0.11124393463134766,
    0.13957870483398438,
    0.13462478637695313,
    0.12263426780700684,
    0.1303651237487793,
    0.12552043914794922,
    0.13717396736145018,
    0.12005824089050293,
    0.1367063808441162,
    0.11948578834533691,
    0.12826984405517577,
    0.11896623611450195,
    0.11582879066467285,
    0.12315656661987305,
    0.1331301212310791,
    0.1501160430908203,
    0.12298972129821778,
    0.1254688549041748,
    0.12292722702026367,
    0.14195484161376953,
    0.11912686347961426,
    0.13679682731628418,
    0.12789719581604003,
    0.12466511726379395,
    0.14958660125732423
  ],
  "val_class_spread": 7,
  "torch": "2.11.0+cu128",
  "transformers": "5.10.2",
  "accelerate": "1.13.0",
  "csv_path": "/content/drive/MyDrive/BSE/NLP-PROJECT/results/colab_runs/part4_teacher_pct100_val_seed42.csv"
}