{
  "run_name": "part2_bert_llmgen_200_seed42",
  "seed": 42,
  "final_loss": 6.226301193237304e-05,
  "loss_history": [
    2.0083251953125,
    1.9456298828125,
    1.92587890625,
    1.8756103515625,
    1.78682861328125,
    1.676763916015625,
    1.606756591796875,
    1.4563720703125,
    1.26519775390625,
    1.14114990234375,
    1.0753662109375,
    0.8193023681640625,
    0.8917312622070312,
    0.6873275756835937,
    0.6784957885742188,
    0.46025238037109373,
    0.4912261962890625,
    0.33504638671875,
    0.2599311828613281,
    0.26709938049316406,
    0.20470314025878905,
    0.17387351989746094,
    0.21861343383789061,
    0.18398704528808593,
    0.19327144622802733,
    0.12029190063476562,
    0.08408393859863281,
    0.1052480697631836,
    0.09808139801025391,
    0.18357448577880858,
    0.04967451095581055,
    0.044666385650634764,
    0.05971384048461914,
    0.24225940704345703,
    0.15068235397338867,
    0.08065252304077149,
    0.021026039123535158,
    0.013297557830810547,
    0.013689899444580078,
    0.034700632095336914,
    0.026566314697265624,
    0.009083843231201172,
    0.013352394104003906,
    0.014071798324584961,
    0.06131744384765625,
    0.02152552604675293,
    0.07327330112457275,
    0.09318082332611084,
    0.007736730575561524,
    0.04607067108154297,
    0.07311398983001709,
    0.011382365226745605,
    0.011861062049865723,
    0.004680180549621582,
    0.004130649566650391,
    0.004581165313720703,
    0.003944253921508789,
    0.003874802589416504,
    0.035716581344604495,
    0.010308647155761718,
    0.003997159004211426,
    0.004797399044036865,
    0.007824993133544922,
    0.023342883586883544,
    0.0034552097320556642,
    0.00341494083404541,
    0.0033478498458862304,
    0.002846240997314453,
    0.003206896781921387,
    0.014139747619628907,
    0.002764725685119629,
    0.0027436017990112305,
    0.0024074554443359376,
    0.002171945571899414,
    0.0021673083305358888,
    0.0020405173301696776,
    0.0018814563751220702,
    0.0019522309303283691,
    0.0019597411155700684,
    0.002036750316619873,
    0.0019238948822021484,
    0.0019472479820251466,
    0.0017729520797729493,
    0.0017336368560791015,
    0.0038837790489196777,
    0.0017776608467102051,
    0.0016943752765655518,
    0.0015932798385620117,
    0.0016123831272125244,
    0.0016602873802185059,
    0.0015016674995422363,
    0.0015090346336364747,
    0.0014619112014770507,
    0.0014328479766845704,
    0.0014080286026000976,
    0.0013130486011505127,
    0.0013230860233306885,
    0.0013399183750152587,
    0.0012993276119232177,
    0.0013632059097290039,
    0.0013005852699279786,
    0.001238173246383667,
    0.0012009680271148683,
    0.0012103021144866943,
    0.00117262601852417,
    0.0011888384819030763,
    0.0011508405208587647,
    0.0011530458927154542,
    0.0010668277740478516,
    0.0011290132999420166,
    0.0010976791381835938,
    0.0011314213275909423,
    0.0010249733924865723,
    0.001076561212539673,
    0.0010409772396087647,
    0.0010362625122070312,
    0.0009758472442626953,
    0.001030874252319336,
    0.0009643614292144775,
    0.0009658634662628174,
    0.0009312927722930908,
    0.0009122550487518311,
    0.0008951395750045777,
    0.0009141683578491211,
    0.0008677691221237183,
    0.0008836448192596436,
    0.0008569717407226563,
    0.0008638232946395874,
    0.0008591681718826294,
    0.0008758008480072021,
    0.0008331358432769776,
    0.0008184731006622315,
    0.0007819592952728272,
    0.0007852286100387574,
    0.0008056938648223877,
    0.0007933557033538818,
    0.0007851898670196533,
    0.0007708638906478882,
    0.0007707983255386353,
    0.0007888555526733398,
    0.0007421761751174927,
    0.000751274824142456,
    0.0007539689540863037,
    0.0007417857646942139,
    0.0007107585668563842,
    0.0008059114217758179,
    0.0007012933492660522,
    0.0007012367248535156,
    0.000661972165107727,
    0.0006906241178512573,
    0.0006948292255401611,
    0.0006506949663162232,
    0.000636136531829834,
    0.0006603926420211792,
    0.0006398051977157593,
    0.0006387054920196534,
    0.0005900472402572632,
    0.0006109774112701416,
    0.0006052196025848388,
    0.0006304949522018433,
    0.0005923628807067872,
    0.00058613121509552,
    0.0005685538053512573,
    0.0005867183208465576,
    0.0005763262510299682,
    0.0005603194236755371,
    0.0005642205476760864,
    0.0005360990762710571,
    0.0005373030900955201,
    0.0005624741315841675,
    0.0005413681268692016,
    0.0005464762449264527,
    0.0005183368921279907,
    0.0005503982305526733,
    0.0005194693803787231,
    0.0005205750465393066,
    0.0005131900310516357,
    0.0005150675773620605,
    0.000500670075416565,
    0.0005105286836624146,
    0.000501781702041626,
    0.0004961550235748291,
    0.000490957498550415,
    0.00047824680805206297,
    0.0004778444766998291,
    0.00046921372413635256,
    0.0004821568727493286,
    0.0004901587963104248,
    0.00044828951358795167,
    0.0004598408937454224,
    0.00046479254961013795,
    0.0004405170679092407,
    0.00043343156576156614,
    0.000454258918762207,
    0.0004180192947387695,
    0.0004345953464508057,
    0.00043451786041259766,
    0.0004468590021133423,
    0.00043584257364273073,
    0.00043252110481262207,
    0.0004163086414337158,
    0.00042130500078201293,
    0.00040943026542663576,
    0.0004023939371109009,
    0.0004125922918319702,
    0.00040191709995269776,
    0.00039126574993133547,
    0.0004100203514099121,
    0.00038042813539505003,
    0.00039425790309906007,
    0.00040141791105270387,
    0.000406038761138916,
    0.0003983095288276672,
    0.0003777354955673218,
    0.00035695880651473997,
    0.0003763869404792786,
    0.00036503076553344725,
    0.00036693066358566283,
    0.0003736868500709534,
    0.00037393867969512937,
    0.0003642648458480835,
    0.00034940242767333984,
    0.0003412097692489624,
    0.0003582358360290527,
    0.0003443986177444458,
    0.0003523305058479309,
    0.0003440961241722107,
    0.0003457069396972656,
    0.00033461302518844604,
    0.0003379404544830322,
    0.00034273862838745116,
    0.00035228431224823,
    0.00034078508615493775,
    0.0003312259912490845,
    0.00034228861331939695,
    0.00033543556928634645,
    0.000321178138256073,
    0.0003166571259498596,
    0.0003246381878852844,
    0.0003204718232154846,
    0.0003027886152267456,
    0.0003085985779762268,
    0.00031020790338516236,
    0.00030266791582107545,
    0.0003168255090713501,
    0.00031512677669525145,
    0.0003026992082595825,
    0.0003008216619491577,
    0.0003101840615272522,
    0.0002880781888961792,
    0.0002860948443412781,
    0.0002889156341552734,
    0.0002819240093231201,
    0.00028901994228363036,
    0.00027872323989868163,
    0.0002977237105369568,
    0.0002955600619316101,
    0.00027257055044174197,
    0.0002708807587623596,
    0.0002753973007202148,
    0.0002960577607154846,
    0.00027476251125335693,
    0.00028625279664993284,
    0.00027649402618408204,
    0.0002751439809799194,
    0.00027823448181152344,
    0.00026083588600158694,
    0.0002673342823982239,
    0.000257478654384613,
    0.00026072263717651366,
    0.0002719864249229431,
    0.0002619817852973938,
    0.0002631872892379761,
    0.00024817585945129393,
    0.00026670098304748535,
    0.00025001466274261476,
    0.0002578645944595337,
    0.00025057345628738404,
    0.00024362355470657348,
    0.0002666279673576355,
    0.0002486109733581543,
    0.00024407655000686647,
    0.00022885054349899291,
    0.0002396687865257263,
    0.000244690477848053,
    0.0002377241849899292,
    0.000241224467754364,
    0.00024808794260025027,
    0.00023286938667297364,
    0.00023887157440185546,
    0.0002422049641609192,
    0.0002488672733306885,
    0.00022654831409454345,
    0.00024239271879196168,
    0.00021984875202178954,
    0.00022792667150497436,
