{
  "run_name": "part3_synth_stack_pct100_seed42",
  "seed": 42,
  "n_train_rows": 65469,
  "total_steps": 6138,
  "warmup_steps": 613,
  "final_loss": 0.12583877563476562,
  "loss_history": [
    1.9951739501953125,
    1.866300048828125,
    1.7049957275390626,
    1.4712564086914062,
    1.2137965393066406,
    0.9015792846679688,
    0.6863557434082032,
    0.5287237167358398,
    0.4727268600463867,
    0.4299516296386719,
    0.3994754409790039,
    0.3636512756347656,
    0.35502010345458984,
    0.34087459564208983,
    0.33312984466552736,
    0.29994396209716795,
    0.3512378692626953,
    0.32111469268798826,
    0.3285972213745117,
    0.2841609764099121,
    0.31218255996704103,
    0.3081081771850586,
    0.3192552947998047,
    0.29916662216186524,
    0.2583581352233887,
    0.2882030487060547,
    0.28016426086425783,
    0.2610725784301758,
    0.2631596755981445,
    0.2554682922363281,
    0.25791522979736325,
    0.28402196884155273,
    0.267634220123291,
    0.2835750770568848,
    0.28910245895385744,
    0.22406217575073242,
    0.2504233741760254,
    0.2611715316772461,
    0.26510885238647464,
    0.26375417709350585,
    0.22427793502807616,
    0.18555192947387694,
    0.18968854904174803,
    0.20133922576904298,
    0.1945722770690918,
    0.18462875366210937,
    0.23705564498901366,
    0.19275733947753906,
    0.20673780441284179,
    0.2091393280029297,
    0.20663429260253907,
    0.200767822265625,
    0.20650014877319336,
    0.18065881729125977,
    0.20952049255371094,
    0.18504985809326172,
    0.22535455703735352,
    0.20443475723266602,
    0.18374307632446288,
    0.2264143180847168,
    0.1855507278442383,
    0.17955759048461914,
    0.1948569679260254,
    0.18548946380615233,
    0.1989932632446289,
    0.1852473258972168,
    0.17943693161010743,
    0.20068283081054689,
    0.19355031967163086,
    0.19528476715087892,
    0.21673913955688476,
    0.1805084228515625,
    0.17006044387817382,
    0.20089500427246093,
    0.18673337936401369,
    0.16630332946777343,
    0.16851650238037108,
    0.20151451110839844,
    0.16888980865478515,
    0.18101560592651367,
    0.19529903411865235,
    0.1709627914428711,
    0.13732815742492677,
    0.13249812126159669,
    0.13635685920715332,
    0.11260981559753418,
    0.12859010696411133,
    0.12761141777038573,
    0.12803964614868163,
    0.13385178565979003,
    0.13957978248596192,
    0.13031829833984376,
    0.12775055885314943,
    0.1315447235107422,
    0.12781370162963868,
    0.13410164833068847,
    0.11327786445617676,
    0.1271528434753418,
    0.11593448638916015,
    0.12248717308044434,
    0.1101353645324707,
    0.13764671325683595,
    0.13073834419250488,
    0.13670061111450196,
    0.12426329612731933,
    0.13788967132568358,
    0.13165318489074707,
    0.12708740234375,
    0.12855059623718262,
    0.11892822265625,
    0.12221169471740723,
    0.12227447509765625,
    0.14569008827209473,
    0.12564379692077637,
    0.12040571212768554,
    0.13551565170288085,
    0.1215036678314209,
    0.13897902488708497,
    0.11937409400939941,
    0.09918187141418457,
    0.12841708183288575,
    0.12583877563476562
  ],
  "val_class_spread": 7,
  "torch": "2.11.0+cu128",
  "transformers": "5.10.2",
  "accelerate": "1.13.0",
  "csv_path": "/content/drive/MyDrive/BSE/NLP-PROJECT/results/colab_runs/part3_synth_stack_pct100_seed42.csv"
}