{
  "run_name": "part3_bert_pct100_seed42",
  "seed": 42,
  "n_train_rows": 64069,
  "total_steps": 6009,
  "warmup_steps": 600,
  "final_loss": 0.14872714042663573,
  "loss_history": [
    1.9851373291015626,
    1.8472515869140624,
    1.671221923828125,
    1.4476727294921874,
    1.1795841979980468,
    0.8746283721923828,
    0.67109619140625,
    0.535703239440918,
    0.4338009643554688,
    0.42547222137451174,
    0.36532939910888673,
    0.3812892150878906,
    0.3592449951171875,
    0.3279282760620117,
    0.31338058471679686,
    0.32470680236816407,
    0.286324462890625,
    0.3283237457275391,
    0.29258129119873044,
    0.2924691390991211,
    0.2735184288024902,
    0.2670291519165039,
    0.28593719482421875,
    0.28040307998657227,
    0.2502924156188965,
    0.3206907653808594,
    0.29585073471069334,
    0.2722214317321777,
    0.2504775238037109,
    0.2469014358520508,
    0.26826189041137694,
    0.24939313888549805,
    0.2673397445678711,
    0.2920119857788086,
    0.2694305419921875,
    0.2412734794616699,
    0.23202234268188476,
    0.24488714218139648,
    0.25642932891845704,
    0.2515777587890625,
    0.23254045486450195,
    0.20874923706054688,
    0.1863719940185547,
    0.21868061065673827,
    0.1966786003112793,
    0.2123934555053711,
    0.20766256332397462,
    0.19145017623901367,
    0.20299016952514648,
    0.20430816650390626,
    0.20322854995727538,
    0.1924918556213379,
    0.18682207107543947,
    0.1914979362487793,
    0.1549413776397705,
    0.1842382049560547,
    0.22170801162719728,
    0.18486093521118163,
    0.21309261322021483,
    0.22880891799926759,
    0.1940925407409668,
    0.1599143409729004,
    0.2029570198059082,
    0.18311203002929688,
    0.195081844329834,
    0.19385826110839843,
    0.16813457489013672,
    0.1853306198120117,
    0.2178524398803711,
    0.18641660690307618,
    0.20198270797729492,
    0.19652244567871094,
    0.20738742828369142,
    0.18877851486206054,
    0.2006474494934082,
    0.16780872344970704,
    0.21220115661621095,
    0.21537420272827149,
    0.17249210357666014,
    0.1781832504272461,
    0.1463273811340332,
    0.13350870132446288,
    0.14773681640625,
    0.13537439346313476,
    0.140239839553833,
    0.11819210052490234,
    0.13902201652526855,
    0.1156538963317871,
    0.12705605506896972,
    0.11432710647583008,
    0.13175890922546388,
    0.14567931175231932,
    0.1202409839630127,
    0.1375982666015625,
    0.13128163337707519,
    0.11232180595397949,
    0.13986791610717775,
    0.13079758644104003,
    0.12093046188354492,
    0.13220708847045898,
    0.1251992988586426,
    0.13743922233581543,
    0.11669670104980469,
    0.131934232711792,
    0.11808737754821777,
    0.13130033493041993,
    0.11684327125549317,
    0.11609373092651368,
    0.12462596893310547,
    0.13405674934387207,
    0.15344021797180177,
    0.1211293601989746,
    0.1237654972076416,
    0.12356096267700195,
    0.1390863513946533,
    0.11529787063598633,
    0.13571428298950194,
    0.13058488845825195,
    0.12174321174621582,
    0.14872714042663573
  ],
  "val_class_spread": 7,
  "torch": "2.11.0+cu128",
  "transformers": "5.10.2",
  "accelerate": "1.13.0",
  "csv_path": "/content/drive/MyDrive/BSE/NLP-PROJECT/results/colab_runs/part3_bert_pct100_seed42.csv"
}